id,username
5c6d12e1-9972-445a-81cd-ae3a7fc85e9d,daniel.carter
3d19f868-cf55-49a3-ab39-00b1a38fd688,melissa.nguyen
fba9b1e7-8b23-4fca-9990-f3b0f9d27413,aisha.khan
f600e379-1c63-4b3e-92a5-09f740bc3db2,gabriel.martinez
e3507564-6c94-4246-ae45-1b9e414f5edd,sophie.tremblay
84a42f90-9a8b-4ac9-b975-1f89377163dc,harish.patel
86633595-cfb7-4458-bef2-9e54ea8d83e8,ayumi.tanaka
088fdf1b-0b5e-4969-a89f-632b241cdebb,olivia.wright
2b04374e-3ca2-4029-8edb-ad0c7c243c5d,ethan.lee
6082a2a3-0ad0-4a46-a558-780785c0e617,liam.harris
ee347ff5-9870-4fc0-8906-5ef516240d04,omar.almansoori
057b725d-55c6-4ce2-b686-3db69829a502,sara.cohen
cab3a125-c865-4b5d-a634-0c8279ff7631,faisal.alsaud
1149d830-5118-40aa-bca1-9c02883653f5,lina.haddad
b8a2e62a-afe1-4b95-97cd-3b2640cb5ea2,nasser.althani
